,Symbol,Date,Time,Norm_Open,Norm_High,Norm_Low,Norm_Close,Norm_Vwap,Norm_Volume,Day_Ret
0,600918,20200603,2020-06-03 09:30:00.000,-3.1271297942168506,-3.0926021935540597,-3.161035154913369,-3.1270382365675378,-3.1268732366878425,-0.6900945079258866,0.31939163498098866
1,600918,20200603,2020-06-03 10:30:00.000,-2.8120383828513096,-2.7861942508998587,-2.8379102493857915,-2.8123680869991956,-2.812203024050578,-0.6395131890144788,0.09984152139461178
2,600918,20200603,2020-06-03 11:30:00.000,-2.8120383828513096,-2.7861942508998587,-2.8379102493857915,-2.8123680869991956,-2.812203187342867,-0.6822809814997839,0.09984152139461178
3,600918,20200603,2020-06-03 14:00:00.000,-2.8120383828513096,-2.7861942508998587,-2.8379102493857915,-2.8123680869991956,-2.812202934309133,-0.6845284570545195,0.09984152139461178
4,600918,20200603,2020-06-03 15:00:00.000,-2.8120383828513096,-2.7861942508998587,-2.8379102493857915,-2.8123680869991956,-2.8122025455754267,-0.685253406413542,0.09984152139461178
5,600918,20200604,2020-06-04 09:30:00.000,-2.622983536031984,-2.6023494853073386,-2.6440353060692443,-2.6235659972581904,-2.623400081538362,-0.6878812497861416,0.09942363112391917
6,600918,20200604,2020-06-04 10:30:00.000,-2.622983536031984,-2.6023494853073386,-2.6440353060692443,-2.6235659972581904,-2.6234010580334206,-0.678789831394504,0.09942363112391917
7,600918,20200604,2020-06-04 11:30:00.000,-2.622983536031984,-2.6023494853073386,-2.6440353060692443,-2.6235659972581904,-2.623399648998154,-0.6895646384063204,0.09942363112391917
8,600918,20200604,2020-06-04 14:00:00.000,-2.622983536031984,-2.6023494853073386,-2.6440353060692443,-2.6235659972581904,-2.623403084955602,-0.6896565791126865,0.09942363112391917
9,600918,20200604,2020-06-04 15:00:00.000,-2.622983536031984,-2.6023494853073386,-2.6440353060692443,-2.6235659972581904,-2.6233996531333794,-0.6888847532475938,0.09942363112391917
10,600918,20200605,2020-06-05 09:30:00.000,-2.415923465706058,-2.400995694420292,-2.4316960824368365,-2.4167827561132795,-2.4166175614294847,-0.6867160453706864,0.09960681520314552
11,600918,20200605,2020-06-05 10:30:00.000,-2.415923465706058,-2.400995694420292,-2.4316960824368365,-2.4167827561132795,-2.4166177724124367,-0.6749363824304223,0.09960681520314552
12,600918,20200605,2020-06-05 11:30:00.000,-2.415923465706058,-2.400995694420292,-2.4316960824368365,-2.4167827561132795,-2.416615884942949,-0.6895209537223601,0.09960681520314552
13,600918,20200605,2020-06-05 14:00:00.000,-2.415923465706058,-2.400995694420292,-2.4316960824368365,-2.4167827561132795,-2.4166168256427456,-0.6878757046714594,0.09960681520314552
14,600918,20200605,2020-06-05 15:00:00.000,-2.415923465706058,-2.400995694420292,-2.4316960824368365,-2.4167827561132795,-2.4166175205741776,-0.6819211441309142,0.09960681520314552
15,600918,20200608,2020-06-08 09:30:00.000,-2.1878573012890943,-2.1792147073562993,-2.197815198435923,-2.189021504997146,-2.188856247844526,-0.6822799536248673,0.10011918951132293
16,600918,20200608,2020-06-08 10:30:00.000,-2.1878573012890943,-2.1792147073562993,-2.197815198435923,-2.189021504997146,-2.188856156907388,-0.6731221020544019,0.10011918951132293
17,600918,20200608,2020-06-08 11:30:00.000,-2.1878573012890943,-2.1792147073562993,-2.197815198435923,-2.189021504997146,-2.1888577874589057,-0.6884721967152326,0.10011918951132293
18,600918,20200608,2020-06-08 14:00:00.000,-2.1878573012890943,-2.1792147073562993,-2.197815198435923,-2.189021504997146,-2.1888545293210786,-0.688539982361056,0.10011918951132293
19,600918,20200608,2020-06-08 15:00:00.000,-2.1878573012890943,-2.1792147073562993,-2.197815198435923,-2.189021504997146,-2.188856334863876,-0.6871841341978902,0.10011918951132293
20,600918,20200609,2020-06-09 09:30:00.000,-1.9357841721966615,-1.934088353232939,-1.9393152740138608,-1.9372853853424725,-1.9371200591453615,-0.6756528653460518,0.09967497291440952
21,600918,20200609,2020-06-09 10:30:00.000,-1.9357841721966615,-1.934088353232939,-1.9393152740138608,-1.9372853853424725,-1.9371200358640173,-0.5281930912646936,0.09967497291440952
22,600918,20200609,2020-06-09 11:30:00.000,-1.9357841721966615,-1.934088353232939,-1.9393152740138608,-1.9372853853424725,-1.9371210734110866,-0.6841692959191475,0.09967497291440952
23,600918,20200609,2020-06-09 14:00:00.000,-1.9357841721966615,-1.934088353232939,-1.9393152740138608,-1.9372853853424725,-1.9371200591453615,-0.6865375197272572,0.09967497291440952
24,600918,20200609,2020-06-09 15:00:00.000,-1.9357841721966615,-1.934088353232939,-1.9393152740138608,-1.9372853853424725,-1.9371198507841445,-0.6801703756050108,0.09967497291440952
25,600918,20200610,2020-06-10 09:30:00.000,-1.6597040784287589,-1.6656166320502106,-1.65619630917065,-1.6615743971492583,-1.661409031752296,-0.6250689226486725,0.10049261083743843
26,600918,20200610,2020-06-10 10:30:00.000,-1.6597040784287589,-1.6656166320502106,-1.65619630917065,-1.6615743971492583,-1.661408960911229,-0.6094146852098541,0.10049261083743843
27,600918,20200610,2020-06-10 11:30:00.000,-1.6597040784287589,-1.6656166320502106,-1.65619630917065,-1.6615743971492583,-1.6614085925066524,-0.6837924445154723,0.10049261083743843
28,600918,20200610,2020-06-10 14:00:00.000,-1.6597040784287589,-1.6656166320502106,-1.65619630917065,-1.6615743971492583,-1.661409818275297,-0.683469069656806,0.10049261083743843
29,600918,20200610,2020-06-10 15:00:00.000,-1.6597040784287589,-1.6656166320502106,-1.65619630917065,-1.6615743971492583,-1.661408555303302,-0.6798674500473192,0.10049261083743843
30,600918,20200611,2020-06-11 09:30:00.000,-1.353615278816519,-1.367963202043273,-1.3423035438010031,-1.355894823282869,-1.3557292575353963,-0.6635018690674548,0.10026857654431498
31,600918,20200611,2020-06-11 10:30:00.000,-1.353615278816519,-1.367963202043273,-1.3423035438010031,-1.355894823282869,-1.3557294330092193,-0.6416998035544089,0.10026857654431498
32,600918,20200611,2020-06-11 11:30:00.000,-1.353615278816519,-1.367963202043273,-1.3423035438010031,-1.355894823282869,-1.3557276632691122,-0.6884528834865343,0.10026857654431498
33,600918,20200611,2020-06-11 14:00:00.000,-1.353615278816519,-1.367963202043273,-1.3423035438010031,-1.355894823282869,-1.3557300994389916,-0.6868407157783479,0.10026857654431498
34,600918,20200611,2020-06-11 15:00:00.000,-1.353615278816519,-1.367963202043273,-1.3423035438010031,-1.355894823282869,-1.3557292166526917,-0.6737494303456766,0.10026857654431498
35,600918,20200612,2020-06-12 09:30:00.000,-1.017517773359942,-1.0411280632121258,-0.9976369779049206,-1.020246663743304,-1.0200811061528445,-0.6153136052581972,0.10008136696501224
36,600918,20200612,2020-06-12 10:30:00.000,-1.017517773359942,-1.0411280632121258,-0.9976369779049206,-1.020246663743304,-1.0200811024551146,-0.5438097842197119,0.10008136696501224
37,600918,20200612,2020-06-12 11:30:00.000,-1.017517773359942,-1.0411280632121258,-0.9976369779049206,-1.020246663743304,-1.0200807374863683,-0.6797478108168816,0.10008136696501224
38,600918,20200612,2020-06-12 14:00:00.000,-1.017517773359942,-1.0411280632121258,-0.9976369779049206,-1.020246663743304,-1.0200813574620875,-0.6801946929615931,0.10008136696501224
39,600918,20200612,2020-06-12 15:00:00.000,-1.017517773359942,-1.0411280632121258,-0.9976369779049206,-1.020246663743304,-1.0200810791868773,-0.6562884322473338,0.10008136696501224
40,600918,20200615,2020-06-15 09:30:00.000,-0.6484106914745937,-0.6821930446743478,-0.619119231429758,-0.6516330599632459,-0.6514674040375026,-0.6351827790397018,0.044378698224851965
41,600918,20200615,2020-06-15 10:30:00.000,-0.6484106914745937,-0.6821930446743478,-0.619119231429758,-0.6516330599632459,-0.6514673860475371,-0.6256879467925938,0.025887573964497035
42,600918,20200615,2020-06-15 11:30:00.000,-0.6484106914745937,-0.6821930446743478,-0.619119231429758,-0.6516330599632459,-0.6514674812721364,-0.6691728172790066,0.04215976331360949
43,600918,20200615,2020-06-15 14:00:00.000,-0.6484106914745937,-0.6821930446743478,-0.619119231429758,-0.6516330599632459,-0.6514671693814664,-0.6673428212364965,0.06360946745562135
44,600918,20200615,2020-06-15 15:00:00.000,-0.6484106914745937,-0.6821930446743478,-0.619119231429758,-0.6516330599632459,-0.6514674128458078,-0.6202398851419294,0.05399408284023677
45,600918,20200616,2020-06-16 09:30:00.000,-0.46835845640857043,-0.5071027917290905,-0.43447642827114225,-0.4718215459241934,-0.47165581778951055,0.9027450944253155,-0.009206798866855492
46,600918,20200616,2020-06-16 10:30:00.000,-0.44435149173310057,-0.45457571584551276,-0.5883454309033221,-0.546743010107132,-0.5156397904960035,7.369220451886226,-0.004325883201153458
47,600918,20200616,2020-06-16 11:30:00.000,-0.5433802210194135,-0.4108031526091988,-0.5114109295872322,-0.48081212162614584,-0.4614726217410047,1.0704146475763696,-0.007806955287437911
48,600918,20200616,2020-06-16 14:00:00.000,-0.4833628093307387,-0.3962122981970938,-0.45909546869229106,-0.3939032231739367,-0.4068253837037306,0.7064238255135917,-0.041029207232267106
49,600918,20200616,2020-06-16 15:00:00.000,-0.3903358212132931,-0.4312303487861451,-0.4406311883764293,-0.43286238454906506,-0.4403335621142251,0.36499453328061177,-0.011929824561403457
50,600918,20200617,2020-06-17 09:30:00.000,-0.5073697740062085,-0.5450390132005626,-0.4744823689555087,-0.5107807072993211,-0.5106149898500952,-0.3403925267217718,-0.010721944245889903
51,600918,20200617,2020-06-17 10:30:00.000,-0.5403793504349793,-0.48083925378730136,-0.5452621101663115,-0.5647241615110369,-0.5297808494210393,3.2432546898462564,0.002896451846488013
52,600918,20200617,2020-06-17 11:30:00.000,-0.5583845739415818,-0.5129391334939323,-0.5483394902189551,-0.5137775658666387,-0.5266290192014018,0.464789583526739,0.008583690987124415
53,600918,20200617,2020-06-17 14:00:00.000,-0.5193732563439437,-0.5421208423181417,-0.5544942503242422,-0.5707178786456724,-0.5599698051038736,0.2704386967316765,0.013052936910805002
54,600918,20200617,2020-06-17 15:00:00.000,-0.5673871856948833,-0.5187754752587741,-0.5544942503242422,-0.4838089801934633,-0.5304806578653886,0.9897000123598685,-0.007102272727272707
55,600918,20200618,2020-06-18 09:30:00.000,-0.5523828327727145,-0.5888115764368771,-0.5206430697451627,-0.5557335858090845,-0.5555678806892319,-0.6033607994931465,-0.007225433526011571
56,600918,20200618,2020-06-18 10:30:00.000,-0.5553837033571482,-0.4750029120224596,-0.5483394902189551,-0.5527367272417669,-0.5134845314024825,2.4752094839439107,-0.02310469314079422
57,600918,20200618,2020-06-18 11:30:00.000,-0.5493819621882808,-0.4458212031982501,-0.5606490104295292,-0.4778152630588283,-0.5015002392792074,1.516264995216829,-0.0375886524822695
58,600918,20200618,2020-06-18 14:00:00.000,-0.48036193874630506,-0.5071027917290905,-0.49602402932401396,-0.5167744244339562,-0.5013432967817297,0.07752321020846549,-0.00858983536148894
59,600918,20200618,2020-06-18 15:00:00.000,-0.5133715151750758,-0.5012664499642482,-0.5083335495345881,-0.5137775658666387,-0.5044249132907168,0.5878647293174671,0.008583690987124415
60,600918,20200619,2020-06-19 09:30:00.000,-0.5823915386170516,-0.6179932852610865,-0.5514168702715986,-0.5857021714822598,-0.5855364745819895,-0.6187329393660067,0.005822416302765587
61,600918,20200619,2020-06-19 10:30:00.000,-0.5823915386170516,-0.5888115764368771,-0.6991311127984914,-0.6486362013959285,-0.6505682597648865,2.0360047804294474,0.10643015521064303
62,600918,20200619,2020-06-19 11:30:00.000,-0.6454098208901601,-0.5917297473192981,-0.6283513715876885,-0.6366487671266581,-0.6125070035286273,0.3954480326222617,0.09285187914517312
63,600918,20200619,2020-06-19 14:00:00.000,-0.633406338552425,-0.5858934055544562,-0.625273991535045,-0.5527367272417669,-0.5918767742280893,0.1742139429594162,0.04981949458483759
64,600918,20200619,2020-06-19 15:00:00.000,-0.5493819621882808,-0.3582760767256211,-0.5514168702715986,-0.4778152630588283,-0.4617992385091839,3.2637490009225028,0.01773049645390068
65,600918,20200622,2020-06-22 09:30:00.000,-0.5583845739415818,-0.5946479182017189,-0.5267978298504499,-0.5617273029437194,-0.5615616274792837,-0.5760850566045382,0.025325615050651118
66,600918,20200622,2020-06-22 10:30:00.000,-0.5613854445260155,-0.10147703907257706,-0.579113290745391,-0.21708856770220164,-0.31896996692670604,5.811957493856297,-0.04609218436873752
67,600918,20200622,2020-06-22 11:30:00.000,-0.21328445673170338,-0.2386310705463623,-0.2590657652704571,-0.25904458764464744,-0.248941548712102,0.47189233444793377,-0.03843560350640596
68,600918,20200622,2020-06-22 14:00:00.000,-0.2552966449137757,-0.2503037540760459,-0.3329228865339035,-0.3459534860968565,-0.3034487077200735,0.3804586950078578,-0.0220082530949105
69,600918,20200622,2020-06-22 15:00:00.000,-0.34532276244678767,-0.3699487602553052,-0.37292882721827,-0.4028937988758897,-0.38208911434200565,0.4428672025497578,0.0
70,600918,20200623,2020-06-23 09:30:00.000,-0.4533541034864016,-0.49251193731698545,-0.41908952800792404,-0.4568372530876054,-0.4566714855863132,-0.6021724408427253,0.011291460832745237
71,600918,20200623,2020-06-23 10:30:00.000,-0.4503532329019679,-0.4195576652564615,-0.4898692692187269,-0.4238718088471126,-0.45149800319348615,1.401431161162936,-0.011204481792717047
72,600918,20200623,2020-06-23 11:30:00.000,-0.42034452705763076,-0.4253940070213033,-0.4529407085870034,-0.4298655259817476,-0.44296826271764317,0.09523057369474072,-0.018934081346423492
73,600918,20200623,2020-06-23 14:00:00.000,-0.4233453976420644,-0.4137213234916197,-0.42216690806056756,-0.4418529602510175,-0.42050699716358886,0.1188304465357995,-0.0196905766526021
74,600918,20200623,2020-06-23 15:00:00.000,-0.43834975056423275,-0.3932941273146729,-0.44370856842907286,-0.4028937988758897,-0.4165689964548297,1.206151670528642,-0.037630662020905814
75,600918,20200624,2020-06-24 09:30:00.000,-0.4053401741354619,-0.4458212031982501,-0.36985144716562646,-0.4088875160105247,-0.40872177061471915,-0.6571700513831356,-0.07257501744591777
76,600918,20200624,2020-06-24 10:30:00.000,-0.4143427858887629,-0.3816214437849888,-0.4744823689555087,-0.4718215459241934,-0.43259097753331316,1.2872638228445124,-0.08286118980169976
77,600918,20200624,2020-06-24 11:30:00.000,-0.4713593269930041,-0.49543010819940636,-0.4837145091134393,-0.5107807072993211,-0.4959826084100687,0.03577431225902335,-0.0779127948534668
78,600918,20200624,2020-06-24 14:00:00.000,-0.5073697740062085,-0.5158573043763531,-0.5175656896925193,-0.5257650001359091,-0.5207805757870635,0.062006816205846436,-0.09325681492109028
79,600918,20200624,2020-06-24 15:00:00.000,-0.525374997512811,-0.5362845005532999,-0.5298752099030933,-0.5647241615110369,-0.5417581611620802,0.6592707128934852,-0.09558291093410576
80,600918,20200629,2020-06-29 09:30:00.000,-0.7174307149165696,-0.7493109749700301,-0.6898989726405608,-0.7205608070115497,-0.7203951470993994,-0.5857841384173335,-0.05417607223476295
81,600918,20200629,2020-06-29 10:30:00.000,-0.7324350678387379,-0.7288837787930833,-0.8960834361676818,-0.8224539983003462,-0.8166464547424018,2.2166542568807492,-0.024710424710424617
82,600918,20200629,2020-06-29 11:30:00.000,-0.8194603147873162,-0.8397742723250794,-0.8530001154306712,-0.8374382911369335,-0.8496764345354351,-0.18076844808657883,-0.024031007751938005
83,600918,20200629,2020-06-29 14:00:00.000,-0.8374655382939181,-0.866037810266868,-0.9145477164835429,-0.9153566138871896,-0.8991587068347922,0.1475124575571723,0.022943037974683556
84,600918,20200629,2020-06-29 15:00:00.000,-0.9124873029047613,-0.9098103735031825,-0.9514762771152665,-0.9603094923969528,-0.9572799678527024,0.8097540351410382,0.028022417934347343
85,600918,20200630,2020-06-30 09:30:00.000,-0.9334933969957975,-0.9594192785043387,-0.9114703364308995,-0.9363346238584125,-0.9361690210219897,-0.6533369705720087,0.014319809069212486
86,600918,20200630,2020-06-30 10:30:00.000,-0.9274916558269302,-0.9331557405625501,-0.9453215170099788,-0.918353472454507,-0.9342267880775241,0.4250582687921073,0.003167062549485289
87,600918,20200630,2020-06-30 11:30:00.000,-0.9184890440736291,-0.9419102532098128,-0.9391667569046918,-0.9303409067237776,-0.9452949072831137,-0.1411286953675544,0.02779984114376477
88,600918,20200630,2020-06-30 14:00:00.000,-0.9274916558269302,-0.7960017090887649,-0.9207024765888306,-0.8284477154349811,-0.8397943835895937,1.1160364159159515,-0.009280742459396696
89,600918,20200630,2020-06-30 15:00:00.000,-0.8254620559561835,-0.8543651267371843,-0.8499227353780278,-0.8554194425408389,-0.8571574647828728,0.05757716220292662,0.008566978193146335
90,600918,20200701,2020-07-01 09:30:00.000,-0.8794777264759904,-0.9068922026207615,-0.8560774954833148,-0.8823911696466968,-0.8822254582920559,-0.6495458703364276,0.014901960784313717
91,600918,20200701,2020-07-01 10:30:00.000,-0.8854794676448577,-0.8835468355613939,-0.9053155763256124,-0.9063660381852372,-0.8968405995116685,0.3316252503429827,0.02525651144435681
92,600918,20200701,2020-07-01 11:30:00.000,-0.9034846911514604,-0.8193470761481326,-0.8806965359044636,-0.8254508568676636,-0.8326665838751317,0.3480506915120758,0.07187017001545604
93,600918,20200701,2020-07-01 14:00:00.000,-0.816459444202882,-0.8339379305602376,-0.8653096356412454,-0.8644100182427914,-0.8524949775295487,-0.05418757259635733,0.08430913348946145
94,600918,20200701,2020-07-01 15:00:00.000,-0.8614725029693879,-0.8456106140899212,-0.8591548755359584,-0.8224539983003462,-0.8459576881528988,0.09277514281474995,0.10038610038610041
95,600918,20200702,2020-07-02 09:30:00.000,-0.8224611853717498,-0.8514469558547635,-0.7976072744830867,-0.8254508568676636,-0.8252852257240513,-0.6738892483836896,0.1476043276661514
96,600918,20200702,2020-07-02 10:30:00.000,-0.8254620559561835,-0.7843290255590813,-0.8160715547989478,-0.8104665640310756,-0.8020380615837446,0.7292704012873985,0.20708237105465743
97,600918,20200702,2020-07-02 11:30:00.000,-0.807456832449581,-0.5683843802599303,-0.7822203742198685,-0.546743010107132,-0.6809618864580115,1.7772194446316412,0.1304974765681326
98,600918,20200702,2020-07-02 14:00:00.000,-0.5433802210194135,-0.49543010819940636,-0.5606490104295292,-0.5407492929724965,-0.5181308597193338,1.1599027902925048,0.12886969042476593
99,600918,20200702,2020-07-02 15:00:00.000,-0.5403793504349793,-0.46916657025761777,-0.5144883096398757,-0.43286238454906506,-0.45529432321756813,1.6156980170975535,0.10035087719298241
100,600918,20200703,2020-07-03 09:30:00.000,-0.24929490374490837,-0.2940763173123604,-0.20982768442815952,-0.25305087051001246,-0.2528850823723793,-0.4674162269557177,0.16161616161616155
101,600918,20200703,2020-07-03 10:30:00.000,-0.24929490374490837,-0.05186813407142079,-0.28676218574424944,-0.004311609422656234,-0.1611233959552244,3.7792116904093134,0.10012755102040827
102,600918,20200703,2020-07-03 11:30:00.000,-0.0002226452369091832,-0.05186813407142079,-0.08673248232241554,-0.004311609422656234,-0.03288804837851799,2.3638946608154088,0.10012755102040827
103,600918,20200703,2020-07-03 14:00:00.000,-0.0002226452369091832,-0.05186813407142079,0.04559485994125904,-0.004311609422656234,-0.004145729160224091,-0.5833158591008837,0.10012755102040827
104,600918,20200703,2020-07-03 15:00:00.000,-0.0002226452369091832,-0.05186813407142079,0.04559485994125904,-0.004311609422656234,-0.004145753062490359,-0.6524147774263366,0.10012755102040827
105,600918,20200706,2020-07-06 09:30:00.000,0.4709140365191857,0.40628469446866977,0.5287435282063039,0.4661951856461984,0.4663611940430275,-0.6036885563448787,0.1002898550724638
106,600918,20200706,2020-07-06 10:30:00.000,0.4709140365191857,0.40628469446866977,0.5287435282063039,0.4661951856461984,0.46636115354096597,-0.5761224117429589,0.1002898550724638
107,600918,20200706,2020-07-06 11:30:00.000,0.4709140365191857,0.40628469446866977,0.5287435282063039,0.4661951856461984,0.4663616500454923,-0.6833800502791506,0.1002898550724638
108,600918,20200706,2020-07-06 14:00:00.000,0.4709140365191857,0.40628469446866977,0.5287435282063039,0.4661951856461984,0.4663609257995881,-0.6753155600773302,0.1002898550724638
109,600918,20200706,2020-07-06 15:00:00.000,0.4709140365191857,0.40628469446866977,0.5287435282063039,0.4661951856461984,0.46636117105380553,-0.6862399769882083,0.1002898550724638
110,600918,20200707,2020-07-07 09:30:00.000,0.9900646476262203,0.9111282571274957,1.0611302773136462,0.9846517177921338,0.9848178618975914,-0.6525363912585879,-0.016332982086406655
111,600918,20200707,2020-07-07 10:30:00.000,0.9900646476262203,0.9111282571274957,0.9134160347867535,0.9846517177921338,0.9657358148711668,2.50276026452076,0.03424657534246567
112,600918,20200707,2020-07-07 11:30:00.000,0.9900646476262203,0.9111282571274957,1.0272790967345669,0.9846517177921338,0.9829206972396711,-0.03452140411090377,0.06006322444678602
113,600918,20200707,2020-07-07 14:00:00.000,0.9900646476262203,0.9111282571274957,1.0611302773136462,0.9846517177921338,0.9848179418531516,-0.6683099433357649,0.08008429926238136
114,600918,20200707,2020-07-07 15:00:00.000,0.9900646476262203,0.9111282571274957,1.0611302773136462,0.9846517177921338,0.984817851074378,-0.6061495052902118,0.09536354056901986
115,600918,20200708,2020-07-08 09:30:00.000,0.8970376595087751,0.8206649597724464,0.9657314956816951,0.8917491022052902,0.8919152043309654,-0.45429459216366336,0.05998928762720923
116,600918,20200708,2020-07-08 10:30:00.000,0.8730306948333048,1.3430175477257977,0.8857196143129612,1.1794475246677738,1.158914035477652,5.163019809516823,0.010188487009679115
117,600918,20200708,2020-07-08 11:30:00.000,1.1851212356144118,1.4393171868456889,1.2519278405775496,1.326293594466334,1.386298040236637,0.5617494572098293,0.010934393638170947
118,600918,20200708,2020-07-08 14:00:00.000,1.3711752118493032,1.4655807247874775,1.3904099429465113,1.4401742200244005,1.4746558574729693,0.6014206953605131,0.017560975609756113
119,600918,20200708,2020-07-08 15:00:00.000,1.4702039411356156,1.4655807247874775,1.4950408647363935,1.527083118476609,1.525003286544561,-0.01929289623298443,-0.023088023088023157
120,600918,20200709,2020-07-09 09:30:00.000,1.2331351649653515,1.147500098603593,1.3103980615777773,1.2273972617448545,1.2275634559298507,-0.47394323267685295,-0.013137948458817439
121,600918,20200709,2020-07-09 10:30:00.000,1.1791194944455445,1.4101354780214799,1.2273088001564003,1.2393846960141244,1.2958954499918602,3.423326662890404,-0.020675743822491044
122,600918,20200709,2020-07-09 11:30:00.000,1.242137776718653,1.3167540097840091,1.2703921208934108,1.3922244829473196,1.2929545865807037,0.34707288492354155,-0.018190757128810242
123,600918,20200709,2020-07-09 14:00:00.000,1.3981830471092067,1.696116224498734,1.451957543999383,1.5480611284478318,1.5866390354332378,1.215012060508078,-0.046979865771812124
124,600918,20200709,2020-07-09 15:00:00.000,1.5542283174997602,1.550207680377686,1.375023042683293,1.3832339072453668,1.4138907072226503,0.862376172650242,-0.029049729197439644
125,600918,20200710,2020-07-10 09:30:00.000,1.1551125297700753,1.0716276556606485,1.2303861802090443,1.149478938994599,1.1496451380647874,-0.5498215541141743,-0.009216589861751112
126,600918,20200710,2020-07-10 10:30:00.000,1.1641151415233757,1.205863516252012,1.1873028594720338,1.1165134947541062,1.191046846644522,1.5374008354878044,0.01750772399588052
127,600918,20200710,2020-07-10 11:30:00.000,1.1191020827568703,1.287572300959799,1.1349873985770922,1.2813407159565702,1.2093466528685997,0.6597670682808984,0.0040060090135203286
128,600918,20200710,2020-07-10 14:00:00.000,1.29615344723846,1.2525542503707474,1.2580826006828367,1.2543689888507124,1.2495755899787735,-0.10763547235444151,0.025653923541247625
129,600918,20200710,2020-07-10 15:00:00.000,1.260143000225255,1.2087816871344335,1.1780707193141027,1.2064192517736316,1.1930232551522524,0.4733166174410808,0.013691683569979629
130,600918,20200713,2020-07-13 09:30:00.000,1.1010968592502683,1.0191005797770716,1.1749933392614598,1.0955354847828833,1.0957016353258775,-0.6376251991871942,0.012919896640826822
131,600918,20200713,2020-07-13 10:30:00.000,1.1341064356790391,1.1795999783102233,1.1349873985770922,1.2184066860429026,1.175322769794036,1.0600029509035525,0.04504048582995934
132,600918,20200713,2020-07-13 11:30:00.000,1.2271334237964842,1.2700632756652737,1.2980885413672032,1.3053155844951112,1.294081216607334,0.2020652417027045,0.02094763092269325
133,600918,20200713,2020-07-13 14:00:00.000,1.317159541329496,1.5297804842007392,1.3657909025253618,1.4072087757839076,1.4741276880948404,1.2183401301430192,-0.003433055419323261
134,600918,20200713,2020-07-13 15:00:00.000,1.4131874000313756,1.3459357186082181,1.3319397219462825,1.287334433091205,1.3134903287468804,0.36723451616819125,0.049524762381190746
135,600918,20200714,2020-07-14 09:30:00.000,1.1761186238611114,1.0920548518375954,1.2519278405775496,1.1704569489658219,1.1706231275336119,-0.6349586211598384,0.09693877551020402
136,600918,20200714,2020-07-14 10:30:00.000,1.1761186238611114,1.4568262121402153,1.1749933392614598,1.4851270985341631,1.3031833951034297,1.4317883107558138,0.060532687651331685
137,600918,20200714,2020-07-14 11:30:00.000,1.4912100352266517,1.4568262121402153,1.4304158836308778,1.4311836443224475,1.4436335848898632,0.5144464371479219,0.0708353688324379
138,600918,20200714,2020-07-14 14:00:00.000,1.440195235291279,1.3692810856675863,1.2827016411039849,1.3862307658126847,1.3376203838560938,0.11211696266530036,0.1358267716535433
139,600918,20200714,2020-07-14 15:00:00.000,1.3951821765247725,1.588143901849158,1.4242611235255906,1.5840234312556427,1.519906485919382,1.1950375295476103,0.030981887511916106
140,600918,20200715,2020-07-15 09:30:00.000,1.7462840349035187,1.6465073194975772,1.8366300505798325,1.739860076756155,1.7400264114960076,-0.6233096876793762,0.0046511627906977715
141,600918,20200715,2020-07-15 10:30:00.000,1.806301446592193,1.952915262151778,1.5719753660524833,1.8597344194488563,1.7683334286382253,2.818921091281435,-0.06621004566210043
142,600918,20200715,2020-07-15 11:30:00.000,1.8813232112030362,1.879960990091254,1.8120110101586844,1.8657281365834923,1.8636746082886855,0.6191633852847154,-0.06204379562043805
143,600918,20200715,2020-07-15 14:00:00.000,1.8933266935407709,2.1075783189200883,1.9751121529487943,2.2133637303923264,2.1537385931945825,2.0249277781921173,-0.11698440207972272
144,600918,20200715,2020-07-15 15:00:00.000,2.2204215872440467,2.1075783189200883,1.8366300505798325,1.7788192381312828,1.9775717793487557,1.1097773068573198,-0.09986130374479885
145,600918,20200716,2020-07-16 09:30:00.000,1.7762927407478564,1.6756890283217871,1.867403851106269,1.769828662429331,1.7699950053887659,-0.5797845948245121,-0.1250000000000001
146,600918,20200716,2020-07-16 10:30:00.000,1.6712622702926756,1.6406709777327353,1.2611599807354796,1.4251899271878126,1.4933274662005236,1.9805181989714205,-0.10660146699266504
147,600918,20200716,2020-07-16 11:30:00.000,1.440195235291279,1.5297804842007392,1.4057968432097294,1.4581553714283053,1.4716478476511803,0.11684683729192046,-0.14737354085603105
148,600918,20200716,2020-07-16 14:00:00.000,1.4672030705511825,1.4130536489039003,1.3380944820515697,1.4042119172165897,1.360209518580539,0.09393688491469623,-0.1329735034347398
149,600918,20200716,2020-07-16 15:00:00.000,1.401183917693641,1.3284266933136928,1.211921899893182,1.131497787590693,1.1808476459133597,0.8004214989334113,-0.10015408320493058
150,600918,20200717,2020-07-17 09:30:00.000,0.9660576829507499,0.8877828900681275,1.036511236892497,0.9606768492535929,0.9608429702843071,-0.6497206631709488,-0.053439153439153286
151,600918,20200717,2020-07-17 10:30:00.000,0.9960663887950876,0.9607371621286515,0.6118327896276808,0.7718747595125879,0.7198098628700809,1.7594059665848851,-0.03284072249589476
152,600918,20200717,2020-07-17 11:30:00.000,0.7770028361314255,0.7652197130064478,0.614910169680325,0.55010722553109,0.660135864993602,0.21388991474458482,0.06560182544209914
153,600918,20200717,2020-07-17 14:00:00.000,0.5549384128833303,0.6134748271205581,0.6118327896276808,0.5920632454735358,0.5613731333100586,0.2807263721809901,0.026598754951895787
154,600918,20200717,2020-07-17 15:00:00.000,0.6059532128187031,0.5580295803545595,0.6118327896276808,0.547110366963772,0.571343792502173,-0.1809867092103411,0.060502283105022814
155,600918,20200720,2020-07-20 09:30:00.000,0.6629697539229442,0.5930476309436112,0.7256958515754942,0.6579941339545214,0.658160110041196,-0.6394808650532822,0.020122973728339932
156,600918,20200720,2020-07-20 10:30:00.000,0.6689714950918115,0.6514110485920303,0.5872137492065326,0.5920632454735358,0.6258858980171064,0.8026053814900102,0.029994340690435717
157,600918,20200720,2020-07-20 11:30:00.000,0.5969506010654027,0.8265013015372882,0.6456839702067603,0.8947459607726073,0.7459280185982281,0.3626740786067895,-0.04443254817987141
158,600918,20200720,2020-07-20 14:00:00.000,0.9180437535998103,0.8527648394790768,0.7780113124704349,0.7329155981374601,0.815075916000556,0.018341445474190636,-0.02205071664829117
159,600918,20200720,2020-07-20 15:00:00.000,0.7379915185337874,0.7944014218306568,0.8026303528915841,0.8647773750994313,0.8135628345226225,0.05209839955146047,-0.041980624327233484
160,600918,20200721,2020-07-21 09:30:00.000,0.7710010949625582,0.6981017827107656,0.8364815334706636,0.7658810423779528,0.7660471099813825,-0.6667130585046296,-0.03013698630136985
161,600918,20200721,2020-07-21 10:30:00.000,0.7770028361314255,0.7681378838888682,0.7657017922598607,0.750896749541365,0.7575780497152061,0.46876140040228237,0.014835164835164782
162,600918,20200721,2020-07-21 11:30:00.000,0.7589976126248236,0.7185289788877124,0.6364518300488302,0.6460066996852515,0.6675540429180566,0.08455157544489807,0.03417366946778699
163,600918,20200721,2020-07-21 14:00:00.000,0.6509662715852096,0.5930476309436112,0.6302970699435421,0.6130412554447576,0.6116922488809996,-0.1530946200624632,0.023111612175873653
164,600918,20200721,2020-07-21 15:00:00.000,0.6209575657408719,0.5930476309436112,0.6087554095750378,0.6310224068486636,0.6053051329589598,-0.017931881645895157,0.004494382022471877
165,600918,20200722,2020-07-22 09:30:00.000,0.6059532128187031,0.5376023841776127,0.6672256305752655,0.6010538211754877,0.6012198435712149,-0.6784659966970592,-0.011299435028248594
166,600918,20200722,2020-07-22 10:30:00.000,0.5939497304809684,0.7623015421240263,0.6549161103646913,0.8318119308589386,0.7103612520604831,0.5815350214816613,-0.05901461829994581
167,600918,20200722,2020-07-22 11:30:00.000,0.8370202478200998,0.8702738647736021,0.8580231938391688,0.8288150722916215,0.8550293147465959,0.3677866743438462,-0.057421451787649125
168,600918,20200722,2020-07-22 14:00:00.000,0.8310185066512324,0.7623015421240263,0.7749339324177918,0.735912456704777,0.7710192433824457,-0.16616028977023642,-0.01928374655647369
169,600918,20200722,2020-07-22 15:00:00.000,0.7409923891182205,0.7214471497701328,0.6856899108911277,0.6549972753872034,0.6869948469489532,0.043885651917573994,0.006711409395973256
170,600918,20200723,2020-07-23 09:30:00.000,0.5459358011300288,0.47923896652919373,0.6056780295223938,0.541116649829137,0.5412826557856998,-0.632636300081562,0.01771428571428557
171,600918,20200723,2020-07-23 10:30:00.000,0.5399340599611615,0.6134748271205581,0.5318209082589479,0.5051543470213262,0.5563932516763463,0.5033156337735035,0.005753739930955293
172,600918,20200723,2020-07-23 11:30:00.000,0.5069244835323907,0.5317660424127709,0.4733506872587192,0.5111480641559611,0.49652816635490166,-0.1746211069004699,-0.027011494252873525
173,600918,20200723,2020-07-23 14:00:00.000,0.5189279658701254,0.5784567765315063,0.537975668364235,0.6310224068486636,0.5590951039378479,-0.27072070337695026,-0.0702247191011236
174,600918,20200723,2020-07-23 15:00:00.000,0.6359619186630407,0.6805927574162403,0.6733803906805526,0.6909595781950143,0.672494891434266,0.20544132391599226,-0.09888888888888892
175,600918,20200724,2020-07-24 09:30:00.000,0.638962789247474,0.569702263884243,0.701076811154345,0.6340192654159805,0.6341852968532483,-0.6774327119123623,-0.08141493542953393
176,600918,20200724,2020-07-24 10:30:00.000,0.6209575657408719,0.5638659221194013,0.5749042289959574,0.5351229326945021,0.5664152884666646,0.14152833208810162,-0.0823798627002289
177,600918,20200724,2020-07-24 11:30:00.000,0.5399340599611615,0.4763207956467723,0.4241126064164216,0.3702957114920369,0.45659206782544254,0.006825540647423296,-0.050206733608978205
178,600918,20200724,2020-07-24 14:00:00.000,0.3718853072328733,0.3099850553487786,0.24870194341573648,0.25641508593397044,0.2804228220714332,0.1164961155506016,-0.018731117824773547
179,600918,20200724,2020-07-24 15:00:00.000,0.2638539661932583,0.2428671250530965,0.20561862267872597,0.15751875321249093,0.19663576122073811,0.4432202234849693,0.007398273736128225
180,600918,20200727,2020-07-27 09:30:00.000,0.20383655450458402,0.14656748593320432,0.2548567035210236,0.19947477315493672,0.19964068540826188,-0.680470352784652,0.004889975550122383
181,600918,20200727,2020-07-27 10:30:00.000,0.2068374250890182,0.1961763909343611,0.11329722109941837,0.10357529900077521,0.17698318394682178,0.001939672477521851,0.043640897755610863
182,600918,20200727,2020-07-27 11:30:00.000,0.10780869580270475,0.13489480240352072,0.1471484016784983,0.11556273327004514,0.1381023477275065,-0.43885766912171026,0.034825870646766344
183,600918,20200727,2020-07-27 14:00:00.000,0.11681130755600626,0.14656748593320432,0.054827000099190185,0.1635124703471259,0.10151163739279578,-0.07285467371210459,0.02155172413793105
184,600918,20200727,2020-07-27 15:00:00.000,0.1648252369069459,0.14073114416836252,0.15330316178378536,0.19348105602030177,0.153461668911084,-0.3159520956429,0.023255813953488413
185,600918,20200728,2020-07-28 09:30:00.000,0.22784351918005438,0.1699128529925725,0.2794757439421729,0.22344964169347764,0.2236155605224686,-0.6829643019246796,0.0036496350364962904
186,600918,20200728,2020-07-28 10:30:00.000,0.2308443897644875,0.26037615034762185,0.2148507628366571,0.3133553987130031,0.23059184954534578,0.14518396922939572,0.04599761051373963
187,600918,20200728,2020-07-28 11:30:00.000,0.3148687661286321,0.3216577388784622,0.3317912048371135,0.2833868130398283,0.32678728151704595,-0.06448422842652222,0.03786057692307687
188,600918,20200728,2020-07-28 14:00:00.000,0.28786093086872866,0.24578529593551685,0.2794757439421729,0.2684025202032404,0.25548063151080946,-0.3540110578880377,0.038577456298975354
189,600918,20200728,2020-07-28 15:00:00.000,0.27585744853099403,0.26037615034762185,0.28870788410010295,0.3073616815783682,0.2786585526675975,-0.18405789126412353,0.04485645933014348
190,600918,20200729,2020-07-29 09:30:00.000,0.24584874268665635,0.1874218782870979,0.29794002425803406,0.24143079309738252,0.24159671685812284,-0.6825883160998815,0.05454545454545445
191,600918,20200729,2020-07-29 10:30:00.000,0.24884961327109054,0.5025843335885609,0.27332098383688586,0.544113508396455,0.4444696367786127,0.8402486224300167,-0.01827527127355799
192,600918,20200729,2020-07-29 11:30:00.000,0.5519375422988961,0.5200933588830873,0.5318209082589479,0.47218890278083336,0.5201855905973369,-0.11313341298790636,-0.007527504342790925
193,600918,20200729,2020-07-29 14:00:00.000,0.4799166482724872,0.4500572577049837,0.4918149675745804,0.4602014685115634,0.4697531680345813,-0.353233605760243,-0.002321532211259414
194,600918,20200729,2020-07-29 15:00:00.000,0.4679131659347515,0.47340262476435196,0.5041244877851556,0.532126074127184,0.508141462206948,-0.11012195587665302,-0.03205495134516312
195,600918,20200730,2020-07-30 09:30:00.000,0.5159270952856911,0.4500572577049837,0.5749042289959574,0.5111480641559611,0.5113140618929417,-0.676174917606383,-0.03390804597701147
196,600918,20200730,2020-07-30 10:30:00.000,0.4979218717790892,0.44422091594014196,0.42103522636377755,0.4482140342422935,0.4284628000660276,0.5786357920817091,0.002908667830133549
197,600918,20200730,2020-07-30 11:30:00.000,0.45290881301258373,0.4092028653510912,0.46411854710078804,0.4332297414057056,0.43628214416311983,-0.40218674375423547,-0.00583430571761967
198,600918,20200730,2020-07-30 14:00:00.000,0.4379044600904149,0.400448352703828,0.43642212662699575,0.4482140342422935,0.416227800215742,-0.3766719128939982,-0.00814426992437467
199,600918,20200730,2020-07-30 15:00:00.000,0.4619114247658842,0.400448352703828,0.42103522636377755,0.3643019943574019,0.387417738228817,-0.17017960528666795,0.014192785334121716
200,600918,20200731,2020-07-31 09:30:00.000,0.33887573080410144,0.2778851756421472,0.3933388058899852,0.334333408684226,0.3344993579256713,-0.6796399380493064,0.03569303985722794
201,600918,20200731,2020-07-31 10:30:00.000,0.3628826954795718,0.4909116500588773,0.41488046625849045,0.46319832707888037,0.49961215238571144,0.4006412353922607,-0.0052204176334106345
202,600918,20200731,2020-07-31 11:30:00.000,0.46491229535031836,0.415039207115933,0.4118030862058475,0.4032611557325297,0.41176512769373586,-0.16999372222278217,0.016431924882629234
203,600918,20200731,2020-07-31 14:00:00.000,0.4108966248305114,0.3800211565268812,0.45180902689021396,0.4062580142998477,0.414486547986612,-0.4960962904246167,0.017008797653958796
204,600918,20200731,2020-07-31 15:00:00.000,0.4108966248305114,0.3829393274093026,0.43334474657435273,0.43622659997302254,0.4236512362880374,-0.23874757211895814,0.07172011661807587
205,600918,20200803,2020-08-03 09:30:00.000,0.5189279658701254,0.45297542858740514,0.5779816090486014,0.5141449227232792,0.5143109212822179,-0.6749631071782568,0.03446295232624941
206,600918,20200803,2020-08-03 10:30:00.000,0.5339323187922942,0.4967479918237191,0.4671959271534321,0.43622659997302254,0.46841030257684096,0.22499713109459862,0.05014577259475228
207,600918,20200803,2020-08-03 11:30:00.000,0.44090533067484805,0.47048445388193055,0.4918149675745804,0.4871731956174213,0.4913286981905423,-0.18153448539293005,0.04387990762124705
208,600918,20200803,2020-08-03 14:00:00.000,0.494921001194655,0.4763207956467723,0.537975668364235,0.49316691275205626,0.5043073214188625,-0.3464465206358391,0.046136101499423265
209,600918,20200803,2020-08-03 15:00:00.000,0.5009227423635234,0.7768923965361314,0.5441304284695221,0.8048402037530806,0.6836414846364985,0.9793538562376618,-0.03155603917301408
210,600918,20200804,2020-08-04 09:30:00.000,0.6989802009361492,0.6280656815326631,0.7626244122072177,0.6939564367623323,0.6941224846387645,-0.6649250971363452,-0.022765130483064944
211,600918,20200804,2020-08-04 10:30:00.000,0.7049819421050166,0.7126926371228707,0.7226184715228502,0.6939564367623323,0.7153387946141879,0.46025300348314097,-0.01721265963353702
212,600918,20200804,2020-08-04 11:30:00.000,0.6959793303517151,0.7564652003591846,0.7503148919966425,0.7149344467335541,0.7519979593450733,-0.06797410721282619,-0.015486725663716672
213,600918,20200804,2020-08-04 14:00:00.000,0.7229871656116186,0.701019953593187,0.7287732316281372,0.7329155981374601,0.6973767267370794,-0.31556934748312354,-0.03252480705622929
214,600918,20200804,2020-08-04 15:00:00.000,0.7409923891182205,0.6864290991810821,0.6610708704699785,0.6310224068486636,0.6548516924676607,0.05446353973481988,-0.006179775280898858
215,600918,20200805,2020-08-05 09:30:00.000,0.5759445069743665,0.5084206753534037,0.6364518300488302,0.5710852355023129,0.5712512496784579,-0.6757258985638185,0.003409090909090917
216,600918,20200805,2020-08-05 10:30:00.000,0.5759445069743665,0.5463568968248759,0.547207808522165,0.6010538211754877,0.5342005567430707,0.011730370404604127,-0.009039548022598876
217,600918,20200805,2020-08-05 11:30:00.000,0.60295234223427,0.5842931182963481,0.621064929785612,0.6310224068486636,0.5993183807464869,-0.36627874501902186,-0.017977528089887618
218,600918,20200805,2020-08-05 14:00:00.000,0.638962789247474,0.5901294600611898,0.6179875497329679,0.556100942665725,0.5925070973891673,-0.38204039538663687,-0.013105413105413133
219,600918,20200805,2020-08-05 15:00:00.000,0.5609401540521977,0.5638659221194013,0.6056780295223938,0.5980569626081708,0.5835198068466936,-0.2636246065933742,0.031091011871113405
220,600918,20200806,2020-08-06 09:30:00.000,0.5939497304809684,0.5259297006479291,0.6549161103646913,0.5890663869062178,0.5892324060141122,-0.6858991553052978,0.0022650056625141968
221,600918,20200806,2020-08-06 10:30:00.000,0.6059532128187031,0.6134748271205581,0.6179875497329679,0.553104084098407,0.6230831911420777,-0.021749030395812954,-0.009692132269099152
222,600918,20200806,2020-08-06 11:30:00.000,0.5579392834677634,0.49966616270614056,0.5318209082589479,0.5351229326945021,0.510764293769269,-0.2543384059050192,-0.009725400457666011
223,600918,20200806,2020-08-06 14:00:00.000,0.5429349305455946,0.48507530829403556,0.5287435282063039,0.4871731956174213,0.49285534835698736,-0.41256376317328347,-0.008660508083140783
224,600918,20200806,2020-08-06 15:00:00.000,0.4919201306102219,0.7535470294767642,0.5502851885748091,0.7628841838106348,0.6995554193610044,0.8478526246691491,-0.04879385964912264
225,600918,20200807,2020-08-07 09:30:00.000,0.6059532128187031,0.5376023841776127,0.6672256305752655,0.6010538211754877,0.6012198435712149,-0.6582249756397632,-0.0350282485875707
226,600918,20200807,2020-08-07 10:30:00.000,0.5999514716498358,0.5609477512369809,0.541053048416878,0.5021574884540092,0.563740944261218,0.2765024554574526,-0.007484168105929889
227,600918,20200807,2020-08-07 11:30:00.000,0.5099253541168238,0.48799347917645697,0.541053048416878,0.48417633705010327,0.5105149707624931,-0.366257105547091,-0.0011554015020219799
228,600918,20200807,2020-08-07 14:00:00.000,0.4859183894413545,0.4208755488807748,0.457963786995501,0.4422203171076585,0.44232516570386043,-0.1387095917510675,0.007571345369830951
229,600918,20200807,2020-08-07 15:00:00.000,0.4469070718437164,0.6514110485920303,0.5010471077325115,0.4961637713193743,0.5765902854490058,0.11329709831638783,-0.01037463976945241
230,600918,20200810,2020-08-10 09:30:00.000,0.41989923658381184,0.356675789467513,0.47642806731136217,0.41524859000179964,0.41541456143611694,-0.6806705179000121,0.0011709601873537423
231,600918,20200810,2020-08-10 10:30:00.000,0.41689836599937874,0.4763207956467723,0.4271899864690657,0.46319832707888037,0.44713981706697115,-0.02915286751958526,-0.0034802784222737193
232,600918,20200810,2020-08-10 11:30:00.000,0.4679131659347515,0.43838457417530013,0.4671959271534321,0.4781826199154683,0.4638618830636265,-0.47157944496048926,-0.0046269519953729965
233,600918,20200810,2020-08-10 14:00:00.000,0.4859183894413545,0.45881177035224696,0.5287435282063039,0.4811794784827863,0.4945917503033308,-0.4654527965194142,-0.006936416184971206
234,600918,20200810,2020-08-10 15:00:00.000,0.4859183894413545,0.5200933588830873,0.49796972767986747,0.4422203171076585,0.5125914486918562,0.01930191343584033,-0.045428072218986704
235,600918,20200811,2020-08-11 09:30:00.000,0.42590097775268027,0.3625121312323558,0.4825828274166503,0.4212423071364356,0.4214082802146694,-0.6784443572251284,-0.04853801169590655
236,600918,20200811,2020-08-11 10:30:00.000,0.42290010716824605,0.46464811211708873,0.47950544736400624,0.4452171756749755,0.4839716077618208,-0.17841031368225702,-0.05937136204889404
237,600918,20200811,2020-08-11 11:30:00.000,0.4499079424281495,0.43254823241045837,0.4825828274166503,0.4542077513769285,0.4421777566315478,-0.466134493983915,-0.06856478791400344
238,600918,20200811,2020-08-11 14:00:00.000,0.45891055418145105,0.42379371976319513,0.49796972767986747,0.4452171756749755,0.4548192080987667,-0.5359182474972987,-0.06868451688009314
239,600918,20200811,2020-08-11 15:00:00.000,0.4499079424281495,0.40336652358624836,0.2548567035210236,0.2084653488568897,0.30048284409037623,0.351210784746154,-0.011592434411226482
240,600918,20200812,2020-08-12 09:30:00.000,0.17682871924468055,0.12030394799141572,0.2271602830472312,0.17250304604907887,0.17266895090478002,-0.6806488784280812,0.0024585125998770607
241,600918,20200812,2020-08-12 10:30:00.000,0.17982958982911473,0.18450370740467648,0.16253530194171542,0.13953760180858604,0.1761916713078666,-0.14490694716667654,0.006188118811881305
242,600918,20200812,2020-08-12 11:30:00.000,0.14381914281590974,0.11738577710899534,0.1471484016784983,0.10057844043345826,0.129032141574829,-0.4654987533479273,0.005614472863381126
243,600918,20200812,2020-08-12 14:00:00.000,0.10180695463383742,0.07361321387268034,0.07944604052033843,0.09158786473150529,0.0712594079614182,-0.30266294428876117,0.03374999999999995
244,600918,20200812,2020-08-12 15:00:00.000,0.09580521346497009,0.12322211887383713,0.13791626152056716,0.15152503607785597,0.14140541072343027,-0.3543816879435329,0.012962962962963065
245,600918,20200813,2020-08-13 09:30:00.000,0.18883220158241518,0.1319766315210993,0.23946980325780534,0.1844904803183488,0.18465638846188281,-0.6872299828290436,-0.006131207847945963
246,600918,20200813,2020-08-13 10:30:00.000,0.1978348133357167,0.14948565681562573,0.17176744209964656,0.1695061874817619,0.1649819771194302,-0.3746699641976578,0.004305043050430335
247,600918,20200813,2020-08-13 11:30:00.000,0.1708269780758132,0.1319766315210993,0.17484482215229064,0.1275501675393161,0.14980013968104708,-0.5216099040645579,0.015508684863523525
248,600918,20200813,2020-08-13 14:00:00.000,0.1288147898937409,0.23119444152341184,0.17484482215229064,0.2534182273666524,0.2264038338345293,-0.19137617132574933,-0.010278113663845123
249,600918,20200813,2020-08-13 15:00:00.000,0.2608530956088252,0.20493090358162327,0.2456245633630924,0.21445906599152467,0.2193682961201682,-0.3088905138170536,0.004265691651432091
250,600918,20200814,2020-08-14 09:30:00.000,0.15882349573807858,0.10279492269689035,0.20869600273137004,0.154521894645174,0.15468779456912576,-0.6858261220875312,0.03824799506477472
251,600918,20200814,2020-08-14 10:30:00.000,0.1618243663225117,0.17283102387499288,0.1994638625734389,0.19048419745298376,0.18726491038918452,-0.39685255982460715,0.046540110226577
252,600918,20200814,2020-08-14 11:30:00.000,0.19483394275128252,0.14948565681562573,0.1994638625734389,0.20247163172225474,0.16682146259736702,-0.5044711177032651,0.06841783750763586
253,600918,20200814,2020-08-14 14:00:00.000,0.20983829567345133,0.1874218782870979,0.2271602830472312,0.20247163172225474,0.2119835194665557,-0.49881683188510006,0.06780696395846064
254,600918,20200814,2020-08-14 15:00:00.000,0.2068374250890182,0.19909456181678148,0.24870194341573648,0.23543707596274757,0.23399707679101303,-0.30009566438822793,0.05521844660194186
255,600918,20200817,2020-08-17 09:30:00.000,0.34487747197296875,0.28372151740698903,0.39949356599527225,0.340327125818861,0.34049307670422274,-0.6748684344885595,0.033868092691622165
256,600918,20200817,2020-08-17 10:30:00.000,0.34487747197296875,0.400448352703828,0.38410666573205515,0.4182454485691176,0.37961438965582545,0.29814401018745146,0.008191925102399189
257,600918,20200817,2020-08-17 11:30:00.000,0.42290010716824605,0.5084206753534037,0.47642806731136217,0.538119791261819,0.5084596704144321,-0.035705056176180014,-0.015437392795883298
258,600918,20200817,2020-08-17 14:00:00.000,0.5429349305455946,0.6105566562381367,0.5964458893644626,0.5351229326945021,0.5896701600682954,-0.004573808573656637,-0.026887871853546796
259,600918,20200817,2020-08-17 15:00:00.000,0.5369331893767273,0.5084206753534037,0.5502851885748091,0.5081512055886442,0.5141056091334423,-0.2866559564081304,-0.017251293847038607
260,600918,20200818,2020-08-18 09:30:00.000,0.5159270952856911,0.4500572577049837,0.5749042289959574,0.5111480641559611,0.5113140618929417,-0.6674542104182604,-0.022413793103448154
261,600918,20200818,2020-08-18 10:30:00.000,0.5009227423635234,0.44713908682256337,0.4610411670481451,0.4602014685115634,0.4491643425206328,-0.005976425045532922,-0.020893789901334836
262,600918,20200818,2020-08-18 11:30:00.000,0.46491229535031836,0.4092028653510912,0.47642806731136217,0.45720460994424544,0.44238981287240386,-0.47543140621087576,-0.014518002322880363
263,600918,20200818,2020-08-18 14:00:00.000,0.4619114247658842,0.40628469446866977,0.44565426678492687,0.3942705800305778,0.42003762344733786,-0.3636423270056696,-0.0064667842445621515
264,600918,20200818,2020-08-18 15:00:00.000,0.3988931424927768,0.3741848147620394,0.44565426678492687,0.4182454485691176,0.40521374273305766,-0.32505920265168753,-0.025160912814511383
265,600918,20200819,2020-08-19 09:30:00.000,0.3988931424927768,0.3362485932905672,0.45488640694285803,0.3942705800305778,0.3944365457111875,-0.6883633501714206,-0.03586125808348051
266,600918,20200819,2020-08-19 10:30:00.000,0.3988931424927768,0.3595939603499344,0.4118030862058475,0.352314560088132,0.379453542072118,-0.28919269760390126,-0.027267338470657987
267,600918,20200819,2020-08-19 11:30:00.000,0.35688095431070443,0.3479212768202508,0.3810292856794111,0.3822831457613068,0.3571793768551201,-0.4295785012617328,-0.03358868591632291
268,600918,20200819,2020-08-19 14:00:00.000,0.38989053073947527,0.385857498291723,0.4118030862058475,0.3613051357900839,0.40243159518165683,-0.4139013800813475,-0.028994082840236635
269,600918,20200819,2020-08-19 15:00:00.000,0.3628826954795718,0.32749408064330404,0.3317912048371135,0.2893805301744633,0.32040103774357326,-0.2591821312033354,-0.024609843937575038
270,600918,20200820,2020-08-20 09:30:00.000,0.21584003684231867,0.15824016946288788,0.26716622373159765,0.21146220742420666,0.2116281229653647,-0.6830102858025325,-0.0006097560975608651
271,600918,20200820,2020-08-20 10:30:00.000,0.21884090742675286,0.22535809975857007,0.25177932346838056,0.21445906599152467,0.22966892645675957,-0.3484687292877748,0.0030469226081657474
272,600918,20200820,2020-08-20 11:30:00.000,0.21884090742675286,0.20493090358162327,0.2456245633630924,0.21146220742420666,0.21253277922924158,-0.5291828266121297,0.005487804878048674
273,600918,20200820,2020-08-20 14:00:00.000,0.21283916625788554,0.1815855365222561,0.25177932346838056,0.21445906599152467,0.20905975927427767,-0.5644015270183268,-0.0024375380865325758
274,600918,20200820,2020-08-20 15:00:00.000,0.21884090742675286,0.16407651122773073,0.1994638625734389,0.1665093289144439,0.17908941728152256,-0.34688055434409165,0.011076923076922984
275,600918,20200821,2020-08-21 09:30:00.000,0.21283916625788554,0.15532199858046752,0.2640888436789547,0.2084653488568897,0.20863126357608955,-0.6886284337025732,0.005491153142159755
276,600918,20200821,2020-08-21 10:30:00.000,0.22184177801118704,0.2370307832882547,0.2640888436789547,0.2294433588281126,0.24777978659037067,-0.3358049316230969,-0.002430133657351119
277,600918,20200821,2020-08-21 11:30:00.000,0.2338452603489217,0.19909456181678148,0.25177932346838056,0.2384339345300645,0.2238730450058944,-0.5717303563225189,-0.007883565797452974
278,600918,20200821,2020-08-21 14:00:00.000,0.24284787210222214,0.19325822005193968,0.25177932346838056,0.20247163172225474,0.21666270576713026,-0.583736503385879,0.004886988393402403
279,600918,20200821,2020-08-21 15:00:00.000,0.2068374250890182,0.1874218782870979,0.20869600273137004,0.22045278312615962,0.1997812237189014,-0.4302612536504903,-0.004869141813755196
280,600918,20200824,2020-08-24 09:30:00.000,0.239847001517789,0.1815855365222561,0.291785264152747,0.23543707596274757,0.2356029980795714,-0.6879873643466224,-0.007888349514563076
281,600918,20200824,2020-08-24 10:30:00.000,0.24284787210222214,0.19325822005193968,0.2148507628366571,0.2174559245588427,0.20232948030209683,-0.41894995003082885,-0.0006090133982948887
282,600918,20200824,2020-08-24 11:30:00.000,0.22184177801118704,0.16407651122773073,0.2302376630998753,0.19947477315493672,0.19304297659136335,-0.5684997184099462,0.0006112469437653534
283,600918,20200824,2020-08-24 14:00:00.000,0.2008356839201509,0.1815855365222561,0.24254718331044942,0.2264465002607946,0.21157098126025342,-0.5773582690342682,-0.010334346504559111
284,600918,20200824,2020-08-24 15:00:00.000,0.2308443897644875,0.1815855365222561,0.23946980325780534,0.1964779145876198,0.2052051701601818,-0.48342132138255456,0.0
285,600918,20200825,2020-08-25 09:30:00.000,0.2008356839201509,0.14364931505078393,0.25177932346838056,0.1964779145876198,0.19664382601898672,-0.6901918855495753,0.0
286,600918,20200825,2020-08-25 10:30:00.000,0.20983829567345133,0.2166035871113079,0.2610114636263106,0.21445906599152467,0.24079752207184166,-0.39034789685824045,-0.008531383302864182
287,600918,20200825,2020-08-25 11:30:00.000,0.21884090742675286,0.17283102387499288,0.23639242320516235,0.20247163172225474,0.20062717960614124,-0.5228050520992974,-0.032987171655467384
288,600918,20200825,2020-08-25 14:00:00.000,0.2068374250890182,0.15532199858046752,0.2302376630998753,0.1754999046163969,0.18752961261496487,-0.549302693675953,-0.02825552825552835
289,600918,20200825,2020-08-25 15:00:00.000,0.17982958982911473,0.1815855365222561,0.2271602830472312,0.1964779145876198,0.20342967661957997,-0.47031559160236935,-0.03914373088685019
290,600918,20200826,2020-08-26 09:30:00.000,0.2008356839201509,0.14364931505078393,0.25177932346838056,0.1964779145876198,0.19664382601898672,-0.6886311386365646,-0.03914373088685019
291,600918,20200826,2020-08-26 10:30:00.000,0.1978348133357167,0.15532199858046752,0.19330910246815183,0.17250304604907887,0.1698011196830239,-0.4504165283002603,-0.058389674247080525
292,600918,20200826,2020-08-26 11:30:00.000,0.17982958982911473,0.14073114416836252,0.08560080062562604,0.040641269087107044,0.08950029016460456,-0.2770599325804058,-0.019583070120025248
293,600918,20200826,2020-08-26 14:00:00.000,0.0447904135295968,0.05026784681331317,0.08252342057298251,0.03764441051978956,0.05422715284868259,-0.4119989188572091,-0.01959544879898867
294,600918,20200826,2020-08-26 15:00:00.000,0.03578780177629581,0.006495283576998691,0.04559485994125904,0.004678966279296741,0.023802384551656085,-0.36141281221263666,-0.010821133036282737
295,600918,20200827,2020-08-27 09:30:00.000,0.008779966516392332,-0.04311362142415758,0.054827000099190185,0.004678966279296741,0.004844825105337291,-0.6894703985060616,-0.010184595798854224
296,600918,20200827,2020-08-27 10:30:00.000,0.023784319438560637,-0.028522767012053103,-0.11750628284885141,-0.11219851784608768,-0.09759668483329817,-0.15930025257608577,0.007832898172323688
297,600918,20200827,2020-08-27 11:30:00.000,-0.1082539862765231,-0.09272252642531438,-0.10211938258563374,-0.052261346499736995,-0.0893257276806101,-0.48998738635052497,0.0006443298969072142
298,600918,20200827,2020-08-27 14:00:00.000,-0.04823657458784882,-0.05478630495384169,-0.04057178153276148,-0.05525820506705448,-0.04287041474908119,-0.52062698515078,0.01676337846550613
299,600918,20200827,2020-08-27 15:00:00.000,-0.05423831575671614,-0.08104984289563028,-0.034417021427474416,-0.04626762936510203,-0.059018305274356794,-0.49227516542173166,0.034105534105534074
300,600918,20200828,2020-08-28 09:30:00.000,-0.03923396283454731,-0.08980435554289296,0.005588919256892586,-0.04327077079778402,-0.043104925123075066,-0.6880198235545187,0.03665594855305465
301,600918,20200828,2020-08-28 10:30:00.000,-0.05423831575671614,-0.05186813407142079,-0.03133964137483088,-0.07623621503827738,-0.04120304715362274,-0.4526412283107886,0.060880829015544036
302,600918,20200828,2020-08-28 11:30:00.000,-0.07224353926331864,-0.08396801377805117,-0.028262261322187354,-0.04926448793241951,-0.05870555090427532,-0.5904107386641637,0.04764971023824849
303,600918,20200828,2020-08-28 14:00:00.000,-0.04823657458784882,-0.025604596129632205,-0.034417021427474416,0.022660117683201628,-0.03867851923260272,-0.4383326684833285,0.025364616360177727
304,600918,20200828,2020-08-28 15:00:00.000,0.03278693119186162,0.12030394799141572,0.054827000099190185,0.11256587470272819,0.108677969358928,0.12301370810144695,-0.011200995644057188
